PC1,PC2,Cluster
2.8534866206381824,0.4883021579966871,0
-1.8344916175457904,-0.1450500656608465,1
2.976223189916861,0.8254327037466782,0
-1.5696270068974087,-0.7145822856350736,1
2.3618332197725502,1.241089595119347,0
-1.207000346919279,-0.8330353629509686,1
-0.42742277873322754,1.7776222785747517,1
0.9616601777484237,-2.1337723382528426,0
-2.1528824940760583,0.5195627128821545,1
1.5606246025860087,-0.47044865818860626,0
3.556984466260397,-0.43675249537565725,0
-0.8963288992779458,-0.9308092332732584,1
-1.1141435536071178,-0.9806427741745501,1
-0.7789673502311952,-0.8185175081814235,1
-0.8819591768398282,0.6598271247921815,1
-1.38733905507846,0.4652908003942529,1
-0.40162207437405345,1.392877042656163,1
-1.6687778209131174,1.2579124961230113,1
-1.595007097552416,1.931391509757148,1
1.457517460400571,-1.3913313765719217,0
0.5065078283283234,-2.747014287663513,0
0.6617566140649718,-0.6524954882884143,0
-2.2382429960641232,-0.038799820325850845,1
0.086182893497637,0.3703246109648586,1
-1.5384117346134323,-0.058345920964811164,1
-1.6573033078629331,0.8574263109517953,1
-0.22056811544441676,-1.4044608632350866,1
-0.8502448780175731,1.1600357110390742,1
-0.32387800467538336,-1.81241132152232,1
0.37554665855015334,0.05728697278199214,0
-0.5561007535644118,1.557209795269475,1
0.8025838113474018,0.25198233951716326,0
3.2744973532104833,-0.7692106532086209,0
-2.014427987203259,-0.724894268700916,1
1.6740992425633974,1.0454385094609893,0
-1.0791441656156149,0.6222519923649799,1
-0.227011038624959,1.4871431649206666,1
-1.2191301899283329,-1.662486786214577,1
-2.093714696916157,-0.21529286999822608,1
-0.6768231204933306,1.016403953287313,1
-0.9481180052615579,-0.11158665893492145,1
0.7489852892139954,0.13477068898232913,0
-1.1703576631595412,-0.7735111710501028,1
1.1212085147845985,-0.9180139166266904,0
-0.5255511754753188,2.139128554588402,1
-2.290957181716872,1.409645362636737,1
1.3170212672673858,1.1888690913253217,0
-1.5259145948584607,-0.4983590438762477,1
-1.768319836579171,-1.1260808522899022,1
-3.0031982240276474,-0.965142019757981,1
-1.4957780531044382,-0.8379204213369207,1
-1.8674196171501343,0.4908543898219185,1
-0.8806788353779191,0.955180917087797,1
1.1623154849059874,0.8981928569533343,0
-1.5801438224823166,1.0751395009412357,1
-0.5613103643052813,1.036919915696411,1
0.4584406553920746,0.4509049341665247,0
1.2855080848166152,-0.2800696252103637,0
1.3816150539748588,0.5435711318119019,0
1.663149431249478,0.7252094087248078,0
-1.6321729527753763,0.8320815849705181,1
-0.10558581780772208,-0.8463088107360178,1
-2.0875784930748815,-1.2552635616786374,1
-0.7606545059827273,1.8319685135436625,1
-1.210201923586932,0.02266264702641313,1
-0.01951215006690122,-2.466860817878066,0
0.7441061478575692,-2.375980800713896,0
-0.48896437073585625,-2.801937186192237,1
0.5173615973804022,-0.5418056242166261,0
0.24297484424097449,0.4705809104805612,0
-1.2053750676941322,1.652570395006921,1
-0.025799301490892927,1.0806211821068257,1
1.623164606307605,0.615851403077568,0
0.7729831221950852,0.04261429914059441,0
-0.17158253471928447,-1.6857257828902252,1
0.16574494853159055,-0.4234932664487392,0
0.9405161735013476,0.5124789351246373,0
-0.7814834891791469,1.432862180283695,1
-0.5211196863066269,-0.9142331169212413,1
-1.529162198745724,1.373766932851987,1
1.1460304089886602,0.5790202901869724,0
-0.34684556736842476,-0.33537927491896974,1
2.34585388518058,0.7222554869816998,0
1.737870153990582,0.022734734129880838,0
-1.454717920764646,-0.8672930114396107,1
-0.3108123971712188,-1.7015169800687324,1
2.78437046770094,1.3798789067160808,0
-0.846583739095751,-0.6619209512238008,1
-0.733402198976346,-0.8072320684980359,1
2.391190917686791,0.8537559270410789,0
-0.37266182164561185,-1.4330636667155776,1
2.2485117289927152,0.20792083546991633,0
-0.477615546849235,-1.7311175514491677,1
1.4015120249317081,0.11934053413644963,0
-0.6657045930792289,0.7738513159519856,1
-0.06618450652496803,-1.4015987331058923,1
-0.7918743179652606,-0.6075364355089388,1
3.461618813905282,1.4645329069207855,0
-1.4810283797774684,0.20235017012418066,1
-2.4657135662839793,1.1130027045444733,1
1.4149947533701561,1.2900695525920474,0
-1.0547445273794287,-0.5937480394471749,1
-1.9870053899821571,-0.7052884332920238,1
0.7081478802090064,-0.07803989012224717,0
-1.574996735723405,1.9194774707922935,1
-0.3462729358075939,-1.2109247775991372,1
-0.039573382389531016,0.09236338458859969,1
3.695534148026996,0.7747671243200096,0
0.32341169196458086,-2.6928643773459218,0
0.46907807546899133,0.8310626368667724,0
-1.7070488971944826,0.330389202370017,1
0.04972165862662563,0.1465299081378651,1
-1.8504006673161093,1.1746161821123395,1
1.182346338070441,-1.049126030121495,0
2.620376647391334,1.1666412964529405,0
2.194570691447273,-1.5994168252560312,0
0.5356104988888141,-0.4363722510330195,0
-0.8715263882387206,0.8057747456601508,1
2.4677361118737267,-0.7703266080969144,0
0.17691112138127896,1.066228563206558,1
1.728423179486612,1.0461860503637423,0
-1.9704521613921628,0.42162229394679074,1
-0.7158407143666583,1.6270956417506983,1
-0.38160315939594264,-0.8367806167024205,1
0.8298918094038551,-0.6809109570201751,0
-0.2765611399014613,0.24075573554400265,1
0.6816504211350302,-0.29767556906659953,0
-0.01901631615662429,0.2016870832837163,1
-1.1393265596241409,-1.2372297864566353,1
-0.012061516411220625,-0.9100279871835525,1
0.06485992135807525,2.22658612505792,1
-2.007721652269418,-0.4819127438997003,1
1.353407637556933,0.19577419133390075,0
0.456499691830372,0.18440866680887036,0
-1.4376217733814107,0.30515931235912735,1
-1.6595951335749217,-1.5502361279829866,1
-2.9344539295176175,0.4383326098304063,1
-1.0382271313217433,-0.5856888008833993,1
-1.9099757822618995,-0.4928289693602036,1
-1.5362337168532774,1.4524351460005158,1
0.17318499385929614,2.0569844278431795,1
0.8413315820022895,0.908304308459742,0
1.1792330334028407,-1.8027271478659261,0
0.7588693069385498,0.2527441932363014,0
1.0915575588221826,-2.0381507093559152,0
-0.736769362606257,-0.6026740003638701,1
-0.7361029530423989,1.509293334221626,1
-1.039431755787546,1.6922206712631789,1
-1.33438566419147,-0.010954425002616168,1
-2.0624590476020033,-0.7482160263319789,1
-1.5509569009851005,-1.8090328707201608,1
2.067345209290714,-1.2913647364596195,0
-1.050240194816382,1.700856737592975,1
2.192044600899756,-0.4876597172859167,0
1.6965000841265676,-0.9614052454164893,0
-0.8886251187185169,0.5282762407930347,1
-1.279406262060484,-0.44085229214159455,1
-0.2989535869266388,2.3136844090565427,1
-1.4280404569400018,0.4606357172649218,1
-1.4091099501515791,-0.6058391013487978,1
-0.14144248158175912,-1.4572027161076635,1
-2.48633506439931,1.135776642688155,1
-0.5470421864013464,-2.0101759272342425,1
-1.5123473061492572,2.691304040507631,1
2.252644400623923,-0.21590922074683774,0
0.08598564130753407,0.24073088472557028,1
-1.0014161005717286,-0.5088771866961106,1
-1.1711212351308904,0.7161875795266216,1
-0.6374865835976149,1.9922841341429924,1
-1.8641789876741892,1.4122691067548583,1
2.5368837994421547,1.452240103474298,0
-0.929849675739854,-1.5872917715262138,1
-2.5699276322664546,1.4715143332056064,1
0.9382558729461491,2.1728427551769913,0
2.5629368023086525,0.5598983419165289,0
-0.24700757187100025,-0.6925551523359342,1
1.4718139366191387,0.5790050769458004,0
2.6690442093671605,-1.3596940886657363,0
1.2972182763209867,0.9215513568548006,0
1.2478602278083109,0.00491314839677669,0
2.088542370876317,-1.2689581891257788,0
2.4964359082740906,-0.6780592850091061,0
-1.0094731388149132,2.242979333934351,1
0.9077844845098054,-1.183153389901528,0
0.2745043294214135,-0.7993619369233991,0
-2.4784235330624043,1.3697484643019866,1
-1.047894771834393,-2.084027180223148,1
-0.49449582188310975,0.9118103993465753,1
-1.3652301933422812,1.7545407789187484,1
1.6390021924202884,-0.4635760132744397,0
-0.9909926477328711,-0.05863085288756924,1
-0.5905925519287885,1.8083662372175093,1
-0.6257178660219191,0.6836468232581215,1
-1.8715221938212507,-1.3945359158480295,1
-2.078187219160372,0.371713995530231,1
1.237541212982353,1.2129132909601326,0
0.5025968807504374,-0.008885455820754572,0
0.5303730119098689,-1.19343575506315,0
1.1107905813653691,-0.6425225266539604,0
-0.7411286921208888,2.498284187909597,1
2.3463217972795305,0.06725558357758071,0
0.13818687203321475,1.3421543897029553,1
-0.9459772058489706,0.9385688810082274,1
-0.08330556489008477,1.2304443018421163,1
1.6916349131668875,-1.3324058011057343,0
-1.3048012347992315,-0.6132283503270408,1
0.6065476529436657,-0.8867498269912112,0
-2.4086320028177757,0.7432312059652858,1
-1.0110525377923998,0.34571445563420733,1
1.2177978496028563,-2.2067720793570857,0
0.28230316727821414,-0.8903332758560015,0
-0.39113664436223555,0.07496343627195667,1
-1.2982594292081258,-0.5852569292954829,1
-0.369004313718553,0.9163036889738093,1
0.32462335532355235,-0.32875580369809476,0
-1.457743323906623,-0.5219173391891485,1
1.783970160727906,0.8198551012085485,0
1.267852973321559,-0.7932003440277223,0
-0.7453926909108406,-1.1078973904840776,1
-0.28847875120687394,-1.1920493728042008,1
-0.37844595752760624,-0.4064995900065072,1
2.9887915982555935,1.6328905981887345,0
2.806077930003235,0.5033694470753083,0
2.9448067671527154,0.47115468190965076,0
0.1805989737458948,-2.4975049319756306,0
0.19867415738917654,-0.41057333300770943,0
1.420633159380704,1.2073294065109486,0
-0.9208911497666209,-0.5854555070852487,1
1.4260904295434798,-0.768944844695402,0
-1.2745175650162575,2.488308789248731,1
-0.6275928333575513,-2.510241165700877,1
-0.14314587568509377,-3.040896498322385,1
1.6489109978117278,-0.41303879803225546,0
-0.6862434661058604,0.2796991591654748,1
0.4151196216601078,-1.3103696672407459,0
-2.592696755924266,-0.19768439443600003,1
-1.8659585678558133,0.5934047127197821,1
0.8598119328389541,1.4554166853270154,0
0.8413748617512502,-0.6317572893235704,0
0.7921034377254105,0.07293947101795922,0
-2.795559475036727,-0.82705947107309,1
2.919219698046976,0.5426034038358031,0
-1.3281797274228602,-0.4934028356221421,1
-1.0910999315310557,-0.2709917935883356,1
-0.9856335145983149,0.27102098301721433,1
-2.5894974935945076,1.5299821645498577,1
-1.3722869865903282,0.7382153773313986,1
-1.294778304299846,-0.6244781543653989,1
-0.38309702408225366,0.6914308249975932,1
-0.8795322416826846,1.4001328250686715,1
-0.6705658841835416,-2.0828539402091613,1
-0.2785262229263983,-1.6290151733284495,1
2.0183553381865234,1.2536948223507884,0
1.2885086689489242,0.4112828102965157,0
-0.38706844591560496,-1.261967207941076,1
-2.1896253154019005,0.6334597431039298,1
0.7141784455806198,-1.7254926579811518,0
-1.2034929808605968,0.8835497300634776,1
-2.0953019829031976,0.4130069145696421,1
1.7990007486113464,-0.7712929447937285,0
-0.8908558878974878,0.42919089172780256,1
1.0078345664055095,-0.9301399082008736,0
0.13651316220836313,-0.4231494025553891,0
0.8133783458448088,0.5933745162184046,0
-1.234795059701372,0.40726849218458044,1
-1.009496231570993,0.2981119418554053,1
1.820002846176785,0.8973410433707167,0
2.6036483429543287,0.4578538873224433,0
-0.10288174959179462,-0.4763229656001529,1
2.4760341677330984,0.2226144481226265,0
0.32978146366466526,-0.6782099942283386,0
-0.567785780368498,0.7897020667710032,1
-0.32038132827787563,-0.5313371739620604,1
-0.7338009534444695,-0.6922637218793586,1
-1.2760961937553559,-0.43287392696029475,1
-1.8812767966165695,-1.7220985733569423,1
-0.37244228655766154,2.5757302414955543,1
0.5871441078268267,-2.486698426993917,0
1.4669375175887405,-0.8042117285069753,0
-0.8433555201648559,-2.2590343623730083,1
0.4630220300926139,0.09168107356037486,0
2.88288886433305,0.15978594443706454,0
2.7069919794480266,1.3232091630718954,0
1.646547988408298,1.719125442872637,0
0.7124481486348226,-0.977868595772725,0
-1.9146482649985683,1.1245255836325956,1
-0.3883574238016165,-0.6993452105730651,1
2.0275341425799978,0.4827087060192716,0
1.9476388115898926,0.0856568078155108,0
0.35700646995866026,-1.8314989722076946,0
-0.43903245752820824,-1.8817626519526949,1
-0.5919966204174251,0.2747902666274228,1
-2.1067196357374747,0.4115788775060643,1
1.9778330746904442,-0.24676876033719167,0
-0.6201338383223897,0.3036942182306171,1
0.7981831630550424,-1.8509282176572017,0
3.7671981721579155,0.414409921218618,0
0.252899178231544,0.4267427489699659,0
0.5510614817572287,-1.519999193864896,0
-2.1420267260347945,1.336757873358354,1
-2.006908433488754,0.04879826334907968,1
-1.3389000472233434,1.237299915450224,1
0.2762760145659748,0.35306738659538944,0
-3.103064099398902,-0.6791549792292602,1
2.4987690649455305,-1.0466171569220184,0
0.35451316724803944,-2.542795183134876,0
-2.1485346132577523,-0.5433688638976123,1
0.5036168084238378,0.4778538988042615,0
0.7259883153141194,-1.0612797187054295,0
1.2987529521107173,0.004235957075142201,0
-1.1573817470455716,0.04687534104114074,1
2.4671661408147796,0.7054298939068487,0
-0.011723719762900951,-0.995997999500014,1
-0.03599345407909807,-0.39160177427444465,1
-0.6119319429663835,-1.654706727221945,1
0.5269641123160944,-1.5076128704679175,0
1.0092440312164508,-2.1329315916009737,0
-1.352570092762396,-0.9231503610782207,1
-0.4884616900076719,-0.9834524773934006,1
0.12784240353145374,-0.3553808946542951,1
-1.5233632849182461,1.4975169695416248,1
-0.19029550920899863,-1.7957004231169276,1
0.6994564945275669,-0.7784665480281832,0
-2.741089437621751,1.6535828044916954,1
-1.2435504160366189,-0.9952312915061369,1
0.6577901552717772,-0.6783982775275208,0
2.9109232122574396,1.1099138152243344,0
-1.273732243275851,-0.12083731031388933,1
3.482219412508873,1.129246696201155,0
0.44547410086030453,-1.0354714208778493,0
0.6165329427055636,-0.5766180487100179,0
0.6364420250497504,-0.09523169910252473,0
0.7106333096151203,-2.1443828449585314,0
-1.7469693790265606,0.06669867702702713,1
0.41385580740894246,-0.47341899066988546,0
-0.9393660228829678,0.3154183444515148,1
-2.3742639713622538,-1.5403100705847834,1
1.2323232377488982,-0.09779746096070344,0
1.9412869534652295,-2.281914554896807,0
-1.5301422886591682,0.3544404985295992,1
2.811918845665039,-1.0802464513364265e-06,0
-1.8281874864556817,-0.5643536232070419,1
1.794901958804988,1.0071034232186549,0
-1.2569661499034945,1.5135278072423517,1
0.4877402633300956,2.3781561180026918,0
3.0147371888774446,-1.41550990046135,0
-0.49658280798210747,0.5625420621894844,1
0.11361670629346853,0.00783012798581208,1
0.3609884505592276,0.09309990254316827,0
-1.6214827395163194,0.4566258591792037,1
-1.4962479104058903,-1.5906612356257903,1
-2.3652421963531878,0.5310193197003065,1
0.9199693741108202,-2.0178794725809066,0
-0.7112176548596324,2.3860504029444236,1
-0.6902244808610839,1.0629105892390132,1
-0.0570341844495036,1.0455014498306618,1
2.3617292871938025,-1.2718874866238907,0
2.1238156504194636,-0.9526504742208609,0
-1.7551710778136862,0.2450293925722166,1
1.7534652583807286,0.6503820509589097,0
2.2477351821176197,0.4363057363767011,0
3.7253289225280715,0.8789313447489875,0
-0.022494693180239604,-1.049815976533299,1
0.12886186920016013,-1.1784544970565802,0
3.5620533077695335,-0.3594794588206061,0
-0.827595578733295,2.696025324208522,1
1.564940808735008,0.5615161237325033,0
3.9383075530689684,0.8131635622710525,0
-0.15266822578721836,-0.9750598096148917,1
2.0879605024646533,-1.1828024241456052,0
-1.834110632996728,1.0388476547632823,1
1.8142004741193014,-1.0277911403995061,0
0.18915658965659546,1.7740804728630497,1
-0.24821620321383375,0.10077301907748171,1
-1.642270345581881,1.4889255951844937,1
-0.09146369685473633,-0.5332685044332522,1
0.6415832720032587,-1.5544369814262529,0
-1.5920495617122568,-0.001350697157310377,1
0.2255086440435705,-1.7052490199632953,0
-0.15812203707049058,-0.41190534053815836,1
0.4702546771869174,0.23437738485778686,0
-2.530189766894391,-0.0411880274151647,1
0.744078657460455,0.27674618145401864,0
1.2733250109349779,-0.052692846049011026,0
0.49654433303736006,0.8274377661495578,0
0.6356199388684688,-1.8061972829585715,0
-2.147461918978334,-0.4398430361183874,1
-2.1252383053367403,-0.4185580441063249,1
1.500182478468866,-0.04945435319013464,0
2.5868370211401572,0.18793065825553215,0
3.118643758445072,-0.8285421139156659,0
-0.6134509049169081,2.370488763163498,1
-1.4700862634659042,2.6229645243851607,1
-2.5113243532540928,-0.2537036598413617,1
3.2113561297675286,-0.8700205283559812,0
-0.6336315709358207,-0.226902552666181,1
1.8039550544639618,-2.5081073121583444,0
-1.9557108167915673,0.7572549868615246,1
-0.09230392339699464,-2.2811669237696015,1
1.5536306946820866,0.8248686978510619,0
0.4348674217690592,-1.6633060856017683,0
-0.7814311383099922,1.4865118196643585,1
1.1367435655241915,-0.39794529261457856,0
-1.623289158198591,1.6237607780113068,1
-1.2831296748782874,-1.1339713907838382,1
1.3830849194488513,1.3513230025474328,0
-0.017574609427980767,-3.049600989051585,0
2.1035928730649487,-0.2789138585389534,0
0.2615382326955489,1.1044864624280941,0
0.6291677176086259,-2.4338110919157896,0
-0.16981199499988553,1.4312142099874554,1
-1.7508640620377607,-0.8722319845926709,1
0.9500366454968635,-1.3024423288685565,0
-1.797343698595281,-1.47615818440503,1
-1.7567001871727521,0.20054074750060094,1
-1.891559473143414,0.5312873288845905,1
0.2813383240662334,0.795420945349756,0
-0.3618276811263961,-2.354990347442355,1
-1.8112082357044832,0.6057867099244474,1
-0.9579202268206546,-0.18430560895620204,1
-1.1493303467085318,0.42294673398281785,1
-0.9350912903617286,-0.8584179675997408,1
0.09081157179102019,-1.3990613053519025,0
2.3081922076371764,1.3310811462276964,0
0.5048666146140831,-2.9523285670794217,0
-0.8436343358407855,-0.16304191898610285,1
0.5445360209521181,-1.4891143444808477,0
-2.2951063749352283,-0.5407257989582057,1
0.7417494941720582,-1.3704124584497268,0
2.1180071189546434,-0.529701589734876,0
-0.8992190581046815,-0.001011199082835013,1
-2.0271145087284435,-1.2365994194099117,1
-0.2654646584299271,-0.603060395054023,1
0.691547802091386,1.1635894962343232,0
1.3055416294097126,-1.1350693374656895,0
-1.5496301316147725,0.7708483459691611,1
-0.02391859345335131,-0.5850949364568946,1
-1.5949448868304208,1.7969340072329545,1
-0.156232283371737,1.8904918801207444,1
-2.1976943424276327,-0.3845556125728319,1
-0.9886197820432343,-1.6572360764257217,1
-0.5819162722158041,-1.16848663703622,1
1.621335796534963,-0.907839574815335,0
-1.4108360081132194,-0.9715993003315294,1
-1.7716643833263617,-0.5037961635815714,1
-1.4399381674417104,1.7004730329310769,1
2.301100131456383,-0.38325444719973745,0
-1.1675307051471202,1.2362028033473578,1
-1.52272365794052,-1.3038067771473574,1
-0.8685078095019322,-0.05221458920322055,1
3.7013030102027185,0.7280329389794551,0
-1.598008400248943,-0.7580218614768216,1
-2.016891469977627,-1.0243304293472424,1
-1.4959027329462171,2.721141196318044,1
-1.984389649751688,-0.8645919586923951,1
-1.232474259261625,2.350434581395545,1
0.5517659941654166,-2.613696804924154,0
1.5100722998916136,2.181103542000725,0
1.676626574888358,0.07601326480205028,0
-2.0018955569889845,0.8065860136042969,1
-2.602444170665408,-0.21504377738071767,1
-1.29081406495829,0.5839316576767993,1
-2.4484925790307654,1.7229897895562,1
3.7916366960955665,0.4232079363843667,0
1.2184430281656915,0.03620028173063552,0
2.773327981918905,0.5828348575072977,0
-1.3137130294447337,0.2743667641825598,1
-2.7467462456079073,-0.21594966174714966,1
-1.2800381760332515,1.2601171964247595,1
3.023212624801846,0.5804985539855375,0
0.2059252745335647,-1.032976160453181,0
2.607851739310607,1.367413174503677,0
1.2137948958683171,0.271246409358785,0
-2.026213574558075,0.15716777017825767,1
-0.3404820712001445,-1.5385420439909216,1
-0.9179956243519439,1.7576005167704465,1
-0.3919590972746537,1.6119004724931563,1
-1.1561553873907269,0.6350140223086835,1
-1.139914551267002,-1.7892371691668862,1
-0.2949102736024625,-1.9311397438849391,1
-1.166872959280279,-0.26744068307400715,1
1.2264019855508572,0.5359146651193554,0
0.1047180613839055,0.872143497640853,1
1.465514753087914,-0.24403233279688635,0
-0.7628383789803853,-1.4512997803354135,1
0.3587439325304465,-0.7540271204199968,0
1.8151029278295885,1.0149011027040857,0
-0.4547685369619104,0.25477985772243816,1
-3.0739633770752754,-0.7272224512502473,1
-0.4810624353268664,-2.000930763506231,1
2.883802017072527,-0.5307747657553736,0
1.6134441531241384,0.1905153236930714,0
2.8534143960636333,0.09592973810478511,0
-1.3869922198188778,1.975057567019931,1
0.17554264265056257,0.6007494984105508,1
1.302187104114155,0.9076545715704118,0
-1.1766054762947293,0.7456636828342289,1
-0.845348378374926,-1.3510968965377417,1
0.17027540047907955,-2.1363010680474233,0
0.506338953700196,0.748665534727227,0
2.622010070621035,0.3269674126439642,0
0.21387175325588545,-0.5570726532416376,0
1.2187634024346479,0.3691778182028567,0
-1.0751122399837438,-1.0132140212546143,1
-1.0728704721436138,1.6934428249653641,1
-0.04995298134971119,-0.22927355736382687,1
-1.8409593609957304,-1.2813621261144663,1
-1.8164368806212479,-0.9438681478817335,1
-1.7648263799663402,2.4477509712194085,1
-1.0167319931352294,0.9635786626619446,1
-1.3400770303875087,-0.2542724953555878,1
2.827463931276277,0.9170282023704444,0
0.34884266232050326,1.263494938931691,0
-0.6002018596805921,-0.465173731637022,1
-0.6491600076077134,0.13314133964446956,1
0.5898768354936346,0.9806065157441065,0
-0.24938551652437152,-0.9476943611982376,1
0.24317813921722575,-0.9046746889621713,0
1.5079905249082441,0.1078471872620516,0
0.9802525509962766,1.1059579746318964,0
1.0971685215341085,1.1089677893156213,0
-1.5233412871151732,2.177343092067676,1
-1.763050083393271,1.972878787137577,1
2.1805107465112723,2.094881778502586,0
-2.020780810767834,-0.9100371517139799,1
-1.4550965944505372,1.0094339484731591,1
-1.2639211628114744,-0.7028021483834471,1
3.8958006904036213,0.21834093847709465,0
-1.2787601043699663,2.9084328507757045,1
0.0713954267116926,1.883503521580209,1
0.11999061911295683,-1.9160501673165977,0
1.1788474458486446,-0.7016940851264791,0
-1.462486044933541,-0.7331649486620376,1
-1.6376279931408277,1.6790120455212545,1
0.8540896548141078,1.4111346933393096,0
-1.6176437518492097,-0.6639083953605484,1
-0.5409773729084246,1.0687415829255225,1
-0.7807020174003317,0.9357306251366534,1
0.05703103557177416,1.2823564539224865,1
1.0114283095996908,1.4178556655434906,0
3.306184885681297,1.59678278612266,0
2.8397841971052666,-1.397199285736261,0
-1.9689655632600225,-2.044911325635395,1
0.9213620634359104,-0.3591533138572041,0
-0.5752585981548418,-1.1972203477060095,1
-1.90825381776806,-1.5081817008401246,1
-1.6931303084768885,-0.2352270797446127,1
-0.9157164060581838,0.9963127659958556,1
0.17148185055189913,0.9436096549155675,1
2.4686473941058984,1.6935948507512333,0
-0.17591314034829694,-1.0312461631576364,1
-1.695593930807634,-0.9577077753810066,1
1.5648567192743832,-0.744022377153802,0
-0.9381661646374004,-0.18803392640750208,1
-0.28547507228192376,1.577845324178109,1
-2.5890981169859675,0.02379749057811203,1
-1.112495003068644,2.221659298604906,1
-2.8573880307497004,-0.2369076376021051,1
2.032339080672215,0.9809722198208674,0
-0.4496314713755083,-0.9009908877533057,1
2.240396282922989,0.8398172099943769,0
-0.7375536504020195,1.5035449215361678,1
1.357232356436011,0.27378246086544644,0
-2.7325756442182882,-0.837269811152379,1
1.1964010830247198,0.5470034601361845,0
1.9918657881308697,-1.4572615016895745,0
0.07606888190969743,-0.9213305966990584,1
3.0531941747493327,-0.6028396245809814,0
-0.9227705519853328,0.2359993491723196,1
1.2095671198258657,-0.20045610173428297,0
-1.3460418512485037,0.3469299288686081,1
-2.381648527005033,0.07663250264113942,1
-2.2937830849445153,-1.4170596129519035,1
2.1158475712430147,-0.037896381282464565,0
1.665009820544466,0.47125931449166725,0
2.1776190959331556,-0.6031671944307807,0
0.3818931397977593,-1.713894028492674,0
0.6355884071876001,-1.1783167568769413,0
2.531812040073972,0.2835797357755563,0
-1.5018777092192725,-0.629020619939076,1
-1.2011252407454165,-0.9862209591017044,1
-1.5417627070489084,1.4501767842643267,1
1.053589243758942,0.5206683519643704,0
-1.1636815041123703,0.06939146228270662,1
-0.26731938009572714,-0.1467831300266257,1
-0.15932550491313838,-2.341063875329028,1
-1.0324440545050546,0.5412196175162989,1
3.1832418581265416,-0.7858953987585503,0
2.4031576988509324,-0.43062962662257115,0
-0.6821244202890715,1.9966105855420997,1
-0.584943758233281,0.050067255657456206,1
-1.1511876965412653,1.0995711235010883,1
-0.8638353108026233,0.001846911751862486,1
-1.2164890032412046,0.22705682004588287,1
0.12012731550590472,-1.312485917611564,0
-0.2915920369505161,1.0478442876120657,1
1.39453340443279,0.2545755987921271,0
-1.3888629058973543,-0.6100061912868667,1
2.0184131397670875,0.9403110704659474,0
0.617928181660309,0.9080168065799874,0
-2.8001637477130528,-0.06881158134874234,1
0.4488264259359947,-3.6292994480905176,0
-1.0077741961099567,-1.2034954012559256,1
-0.8907829429646588,1.0998456598870427,1
-1.2293756196393788,-0.7042561902475648,1
-1.3777754268650224,0.10030314872511671,1
-0.8579243951976688,-0.48391845867013583,1
2.065203355486477,1.8866975295720747,0
2.4569437938479863,0.6292704152692978,0
0.32802459963933545,1.6055797547271935,0
1.7845069425353457,-0.17512609570246454,0
-1.8431470269598995,0.4259958478697114,1
0.9115116713527041,-0.6266157840566055,0
-1.3863087419909812,-0.5885967316039535,1
-2.461426103056196,0.1848102342069404,1
2.727986945769489,0.3223554479067724,0
1.2920283218303061,0.45180634232882,0
-0.9882614199262847,0.05284712487500868,1
-1.284727150900467,0.09490981163760295,1
-1.526581563024952,1.4234528149242547,1
-0.30114511455483656,-0.8104414300784509,1
2.289808894266016,-0.5842360095449478,0
0.8809101290341512,-1.6005018635109638,0
-0.06276067451294427,0.0784884211920146,1
1.379072043172966,0.14186491798410172,0
-1.3528278250472452,1.580287477236069,1
0.19391111755407517,1.7001863726255777,1
0.2778666480813554,0.2269775467703407,0
3.024909760849908,0.39779173050867284,0
-1.8427140720350748,-1.4349770157147792,1
1.7176702071692371,-1.862525116688514,0
-1.3018636690690237,-1.0674215969166776,1
3.423277923286693,0.5518940796726637,0
2.55701391341708,1.2369788074078623,0
-1.621657102741248,0.810554082966824,1
-0.9965046370741124,-2.422565886316059,1
1.0522044419487355,-1.2616799758762367,0
0.7316797978580477,-0.5918414647832606,0
2.412905864781982,-0.49061519798271025,0
-0.8221498831155565,1.0944199073094727,1
0.3154248617308785,1.4967905170248352,0
2.382525771219882,0.5064356686658269,0
0.24540888978328174,-1.4438670963623725,0
-1.3194034336737523,0.6949680806191686,1
-1.2586015388410454,-0.24917128892197252,1
-1.504546507986099,-0.463547435513716,1
1.0970596509208395,0.07048389337151001,0
0.24193738230766204,0.5213436382367123,0
-0.48615059538476874,2.650470216376226,1
0.6378385582699678,0.022508844090912344,0
-0.19400342429347217,-0.38827041512523036,1
1.0537035421438685,0.7050747678043452,0
1.723575893259622,-0.7674171025390908,0
1.4885367440467658,1.9771757764586562,0
0.7042571110603096,-0.8695314088499584,0
-1.56763083434022,-0.6537645845852648,1
-0.816194369522505,-0.11067261237493105,1
-0.4693622507550844,-2.26079950839279,1
-1.986410638353068,0.06198019710483082,1
-0.034486294199404584,1.3022663332622315,1
0.604341666213279,0.7225793614709337,0
0.38020315025580254,1.3745181797069783,0
-0.026313957763430477,1.065564284453275,1
-1.8450409128293048,-0.6015337581883381,1
-0.21106475410646364,-1.2798164374487853,1
0.19588047801904743,-1.2089329503948019,0
0.2556597332350337,0.08174566048709866,0
-1.0516861071780448,0.2372303908833459,1
-1.512892492526113,0.0749417575223945,1
-1.6102677301284205,-0.022669958164930108,1
2.0707418130509594,0.5808963124948774,0
0.013691626052358323,-2.3688265977067826,0
-0.4242303979367016,1.3528695572779779,1
-0.13463706831186031,-0.06786066141003722,1
1.4310914302418118,-0.21209909407850464,0
-0.17418898371225017,-0.29873374677853204,1
-0.7088187108720686,1.2360410272296978,1
-0.3083207660811329,-1.363469535133484,1
-0.8774613316722008,-0.9647157820746813,1
-0.029175161957422834,0.04566945728752571,1
0.013612519156828722,0.4784767703980246,1
-1.5879811442434155,0.13464312188123057,1
0.5971300199988627,0.3914853553556454,0
1.8984019580265772,2.0501983184897674,0
-0.3532223394549831,-2.094906623037766,1
-1.7604482675239264,0.8306096231803212,1
-1.4534877157062063,-1.9663473182358504,1
-1.3877054258394281,-0.4984239667444388,1
2.3033279522891923,0.7936511244863417,0
0.06470320160935403,-0.3047450891692743,1
-3.041348257214162,-0.1434152297270412,1
0.04335557694457381,-1.2406209417452867,1
0.48396336542187196,-0.7827887102039247,0
-2.083259995632082,0.7323120862964606,1
2.67799659574769,-0.27695115772918716,0
0.19010438533501772,-1.9964049008530442,0
0.4061384557141085,-2.203658053415315,0
-0.0655274096872958,-0.7792526001275908,1
-1.1611615405531939,0.8194249400039664,1
0.5979760090745031,0.4643936105072605,0
-1.9671900766481387,-0.6124394306922724,1
-1.1211943685838572,-0.7379856681118501,1
0.8951148111946031,0.8150466389608471,0
-2.336604096113372,-0.3315091440721994,1
-0.1707851556360837,-2.622623984739485,1
-1.3433171743939072,-0.16054940032371437,1
1.217563519514232,-0.5966665343192483,0
2.0856517336621536,0.5295499720343699,0
-1.0508192357527815,2.464084000849964,1
-1.6027304369246873,0.06216939683316252,1
0.4486018408825964,-2.667095464735167,0
-1.0199419278805093,1.098685686818452,1
-1.2225133884515613,-0.7271921786978166,1
1.5231909728659727,1.3179655899709288,0
-2.8692624288384616,-0.09123363684319057,1
1.5228108539816143,1.091451360419034,0
0.11125527226124667,0.7226897433278089,1
-1.1647398834709466,-1.6017668928887718,1
-0.16252896242583437,-2.060381446967288,1
-0.05478373341698672,2.5777731702508566,1
1.0556294300929074,-2.798833276188786,0
-2.0490061958429955,0.15114090380912332,1
-2.891462949319832,-0.2770286040342814,1
-0.6902345531940718,-2.736729360372789,1
-1.1771670951345061,-0.8593438976190585,1
-1.19717796957132,-0.4390740918017009,1
1.4233173108819828,1.0023771168919877,0
0.3935704771657104,-1.9103716396351336,0
1.0835296488062738,-0.683835296213503,0
-0.038424815510928405,-1.7020426121470011,1
-1.336684140409815,2.037526187157563,1
3.050787638666457,0.3916344862741858,0
-2.634062815633558,0.9354334258396392,1
1.8490313369878169,-1.2308698920214594,0
0.22784705467579075,-0.1227419266928484,0
-0.6811719299260203,-1.3796827784293713,1
1.767685760817888,0.46623590925688035,0
2.2175071073128745,0.5138756268950102,0
-0.4005576088626334,1.1389671902022753,1
0.4920966475708553,0.3579307777577848,0
-0.256611688497447,-0.04088215516662414,1
2.0961655725540527,0.05955153859378411,0
1.7022213557447279,0.8739686556102413,0
-1.5875839413066177,1.6481823284401558,1
-0.3854707301113329,0.6108863298104228,1
-0.14768619450061696,-1.7010921409324535,1
1.326708586418098,2.224236255640347,0
-0.685605919654284,0.34663088661287156,1
-0.5851160711589863,-1.65171284990629,1
-1.2529851771798315,1.9288139909970123,1
0.059700916985336895,-1.1373150525536069,1
0.6156867680518232,0.9797750666914664,0
1.4556722043319765,-0.6582487997162012,0
-0.6618252452156649,-0.18321707440948468,1
-0.843859148638425,1.8127351938938605,1
-0.2824502844775829,-0.3402149272428646,1
-1.3271789282615305,0.11478025604048586,1
-2.448818361895108,0.7536062623450623,1
1.6914011604514436,0.7970052624815126,0
-0.5646267195256655,-0.26149398112178934,1
-2.1915211521195177,0.1737562162859,1
-0.53408759939204,-2.339151138496634,1
-0.5835368835427184,-1.8642128166372498,1
-0.9997417540319872,0.9798390256106305,1
3.7082763348377785,0.6794565135037681,0
-0.15544141363127853,-0.02054398232530775,1
-1.306727305484057,0.5889734732358608,1
-0.46594010561406723,0.5741709010871675,1
3.6808556033630215,-0.4118789630197836,0
2.1274757812691916,0.7164656150266434,0
-1.3056464562812475,0.5522935224368938,1
1.848904966579466,0.992075211663095,0
-0.9546549701941127,1.5736959936492463,1
0.14495234511165056,1.2021856784396898,1
-1.8338088695728452,-0.18924645531715723,1
0.14914033330803345,1.1086081988482597,1
-2.1274575955125665,-1.4876315751787432,1
-0.007339350640165013,-0.8892989180685203,1
0.7709734845617666,-1.0726286969027743,0
1.4073458827521836,-0.6382309234782717,0
-0.4283511514548616,0.06971367750423928,1
2.1388235817268098,1.256144262802326,0
-0.1484685267525192,0.5246920657532197,1
-1.1538413606422564,1.3600326818286337,1
-2.3278146488148277,1.6943782484777092,1
-2.5383786815992697,0.08926588953451106,1
0.19908845002490838,-2.692040727942624,0
0.3398609982900385,-0.5311514882314704,0
0.06014766056777823,0.09164649743961803,1
4.098336346936693,-0.03633392000871912,0
0.6169274971462525,0.21653378837850856,0
1.4575883424777873,0.23485042225004593,0
-0.48761161120491614,-0.33517637505930153,1
0.8436327452755799,-1.3558973655397655,0
1.5719634739711388,-0.7229311704739367,0
-0.18260680021849057,-1.838825329362096,1
1.4136562200861178,1.3946517076450615,0
-0.9198156703478056,1.1057405824342426,1
2.711309098189141,0.4200574518898485,0
0.27957255140411236,-0.08646618688165449,0
-2.540027620812659,0.8021900642339639,1
2.346577324328738,0.06715904447377609,0
3.0218823352863,1.6025062784687758,0
1.4609789520802416,-0.4096850126755001,0
0.07006512974888764,-0.5396989814261695,1
2.8590733795767815,-0.9028604969616774,0
1.4467918844731704,-2.171862000740365,0
1.104979945085092,1.013671632378355,0
-1.3322129950746533,-0.05601650205279456,1
1.4700204480485297,-1.5313061284475211,0
-0.7484105709068417,0.8748807479357082,1
-1.408620623379522,-2.36055445647807,1
-0.7958796436529877,0.44865099100579753,1
1.4120902132280373,-0.04326633000728491,0
-0.6747314640215223,-1.4107100372766972,1
1.3046565042719525,0.27677420080788484,0
3.062649387384019,0.9440916473981835,0
2.1345202491539124,-0.28195326627937217,0
1.5669997293128435,-0.7482533305369521,0
-0.2057848836452363,-0.016659803516038598,1
2.9614644142313966,0.8055788605983634,0
-0.34013651757337954,-1.3151058284183668,1
-1.9557869693331436,2.438743962529145,1
2.562516867123767,0.25258486896639704,0
0.1358675936676788,0.468581645310153,1
1.1421278640847004,0.11010234901370461,0
0.8575752069985477,0.8811165545918996,0
0.29044981910953177,1.0653881403803795,0
0.8464214953760993,0.1990062525804662,0
-1.8543851852110915,-0.8190627825272915,1
-0.2595517618433124,-1.4202335042746763,1
-1.5498405838786422,-1.8887369616649334,1
2.957159926597363,-0.06750465196226071,0
-0.3823608693606096,-0.48788182435993016,1
0.4178976869573474,-2.4098954467016998,0
-0.298229684748751,1.727047942165747,1
-2.386372110486177,0.173292759448228,1
2.7631008023450128,1.8602980284098907,0
2.206248596024906,0.6830314287155359,0
-0.6376455887292611,-1.0930616224508343,1
0.5709217764904626,0.6847004011132287,0
-0.4359443236140639,0.3482566479491724,1
0.26185178248340935,0.4020602813787721,0
0.7811948337915078,0.4746399138510243,0
-1.5247086804175711,-0.4407729279496906,1
-1.0987366924946493,-1.7079558932086025,1
-0.9793522199055341,0.262954487901224,1
1.5392980555175328,-0.6941244572678473,0
0.23268443883600295,1.3870538986607814,1
0.22543767799763204,-0.5513324784855314,0
0.798864203145437,2.4318922847960636,0
-1.3297769765884473,-0.762871400953154,1
0.9623908592229029,0.5213931336004999,0
0.323986428159588,-0.10297216175748188,0
0.31405593104486834,0.4248630096199936,0
1.7138307969380486,-1.77929283102419,0
-0.8254343732364643,1.0212088907529975,1
-0.7255181697082344,0.3324683392066372,1
2.4844828673217867,-0.931749764756089,0
0.7422816528405103,-0.5996104569382162,0
-1.9401964750018712,1.87621586002577,1
2.155220819371587,-1.1188859923852337,0
-1.058409077255524,-1.9713495027947812,1
-2.1955543757079643,-0.6363253121637269,1
-1.1921341171041844,0.5297028741786878,1
2.7971468759350273,0.8660452243401319,0
1.3135147788646406,-1.7433100978454872,0
-0.6210802876807069,-0.4050303660074812,1
0.806039481284246,-0.2801733502695175,0
-0.1794555668628488,1.4026737113096703,1
0.7438557934271378,1.1992697677102035,0
0.40256923320403726,-0.3734976063409082,0
2.3514326569635466,0.08771003898199844,0
-1.3909648320263421,-0.2346949784304577,1
0.23889596860355417,-0.3795770595906441,0
0.21920438905916984,-2.0686799762142156,0
2.7607337250870305,0.9572847484171721,0
-1.3459463557956948,1.3451842029755179,1
-0.8132657703671792,-0.42521477569323696,1
-0.5764842627103994,1.9584809437437032,1
0.5455643592616549,-0.22239100969171668,0
-0.13704281776095784,0.323142901731097,1
-0.8404903879527247,0.5289453782367183,1
3.0974531134168473,0.7780265595715677,0
-0.9448454632477014,1.4649843175549078,1
1.7036134492581574,0.6356751503350528,0
-1.8567206299365875,0.6524006460391689,1
-0.4343480032385794,-1.5724937973522743,1
-1.3721325655230097,0.2223921338922666,1
3.420074131974406,0.5672298509342695,0
0.2737961187871827,-0.22627996653394414,0
1.5174231431256004,0.03606212626625074,0
-1.906921500695819,0.9181604386131831,1
-0.6446667867996378,1.557225872108536,1
1.4895407478670977,0.21889818025845598,0
-0.6754671934948021,-1.914358079102826,1
-1.3516806364049039,-0.6836884197976908,1
1.1227239810511482,0.11473689906975786,0
-0.7264217665558478,-0.1454862336248599,1
-1.2691637300412084,1.3088094794163008,1
0.41141637704546885,-1.2712579900853092,0
-1.3214603376244918,1.410891494282757,1
0.10638046655587813,-1.1506916289260194,0
0.8925574005637371,-0.12492721001392076,0
0.5513768988602596,-0.20812953567670042,0
-0.8887808694199115,-0.3695293759343158,1
-2.7524654064884264,-0.6315010244815855,1
1.2094131919061633,-0.9096901008988747,0
-0.2922581551892076,2.558963302999009,1
-0.858735145477696,0.19595692436841533,1
-0.6208143741774093,0.6026733323486557,1
2.249307237955557,-0.91094252895981,0
-0.9577011184113854,-0.34873439618912166,1
2.574738901431345,-0.0659174027954286,0
-0.9336812944150368,2.318859418179054,1
1.0550751119141133,1.3709733841432923,0
2.646180068171107,0.8829950274801261,0
1.7982359986205674,0.7231784725169369,0
1.2529218186985518,0.5343305916683876,0
-1.160398902942934,1.6531122188122538,1
-0.3233713584170441,1.1372665690128223,1
-1.4736994072328005,0.5095271046545407,1
-0.4196779309428062,1.348012625906552,1
1.562638176660941,0.989390055179578,0
0.7006287584911098,0.4041745934490862,0
2.976271845487571,-0.8056131542180417,0
-2.978590845168329,0.26814640095856696,1
-0.31743446345386483,-1.7235047261720493,1
-0.9568354736604091,0.1567821850695163,1
-0.5764491383946169,0.8536998352819171,1
-0.6380372562965704,0.1538451270248997,1
-1.932337351444275,-0.4176059730877192,1
-1.1692019510187297,-1.0812143812094572,1
-1.1029094982083156,1.1651585724993687,1
-0.07141854600858714,-1.0386692969820022,1
0.9007970193052743,1.0514749935180803,0
-1.0428649587056713,-0.5519692791576851,1
-0.867097035967144,0.5193771285652286,1
0.08604838274006511,-0.7387163519398957,1
0.19215276847528892,1.2191470846412047,1
0.2516345020643587,-0.10175234726223367,0
0.7938594502766966,-2.5926026484920515,0
-1.7941247694112776,0.8888746352740712,1
-0.4500286252908505,-1.6611985244441057,1
-0.12185648164259079,-0.4757418045249968,1
1.826156010098256,-1.839129488702373,0
-0.8265374891695172,0.6749266121583645,1
1.8900417863130246,-1.0187730868611524,0
-0.5696412699667676,1.8213609214421829,1
0.894990947162519,-3.2251478079094413,0
-0.9084926244728582,1.7408550490561303,1
-1.060995415433379,0.18718208334702277,1
0.49886630083955513,1.8465769348811816,0
-2.464470869241353,-0.04529707033068183,1
-0.11447622226236541,0.48156768151662294,1
-1.4985647293485653,0.9740086733336618,1
-1.800418071242703,0.13089285622900293,1
3.483771777645279,0.763984319570054,0
-0.428993341404367,-1.368915393839239,1
-1.2181049358978648,-0.4250812047913173,1
-0.36650692564337345,-0.6226876626086038,1
-1.6175336170005028,1.3693793342542306,1
-1.7049317041913155,-0.6633064350076326,1
3.0115806712842317,0.2687509558488846,0
2.3017897547376305,-1.4252964390518907,0
1.5784724310373726,1.5291039927145507,0
1.1877559609039297,-0.15408580469011351,0
2.6973699747610174,1.7548122776120243,0
1.0352696013806386,0.5187123993850848,0
-1.8783111989813441,1.6378205390550435,1
-0.7530932490371348,0.963026376528166,1
-0.05709366257100984,1.5665910599433392,1
-2.0742909428844403,-0.4985888604754399,1
1.4565032703112757,-1.1471785304353612,0
0.808035282512133,-1.2480490750786615,0
-1.724692722848236,-1.0171529159548822,1
1.0226635917569598,1.0991038493915122,0
2.6975656791875915,0.992586132803958,0
-0.5527445622058084,-1.0438494664945546,1
1.71215634142579,0.8402069292469267,0
-0.790019144987565,-2.2680994258023857,1
0.15120920270579233,-2.2768314365983766,0
-2.177376559626136,0.4191324856663035,1
0.25132488459720814,-0.5804301234034486,0
-2.883556892619661,1.2654948154510215,1
-1.467326937425408,-0.1650084759002468,1
2.292448278557272,0.6293160273418206,0
1.3236861452305628,-0.5068249458517793,0
0.09747670018774583,2.068093385343726,1
-0.038385045633106525,-0.3395756451062296,1
-1.1493817035792453,0.17809088036099754,1
0.9534996082522516,-1.9932235026481402,0
0.6621354614222286,1.185083547772225,0
-0.47227037596932064,-0.005445816904995675,1
2.6208401390490037,0.6178637158641158,0
-1.4862630311145855,-1.5693928270620203,1
1.549198442711782,0.6600018255533482,0
0.58105999127996,-0.6340416129540465,0
-1.0381151889334042,-0.8381120642852826,1
-0.8152543729671287,-0.2944675002417215,1
1.5827577875300638,-1.6805010998180936,0
-0.8658772538938986,-1.4290252126741478,1
2.1275891149626376,2.1199724712283876,0
1.5192567869378892,-0.6555976820659875,0
0.5958162741240894,-0.5711012148769239,0
0.3233352986830753,-0.1772908443503296,0
2.0470915610516354,0.03140144126268,0
-1.8043043072190472,-0.2609705233151909,1
0.8425188837394197,-0.09976552110684528,0
-1.9304665873191986,-0.7295143326726554,1
1.4668990034887794,1.2413554821158117,0
-0.8260084160798188,0.3288832147741113,1
-0.8409116606202158,-2.349322846814148,1
1.1011625707643902,-0.023910696672135186,0
0.6603737576321134,-0.46228865772966493,0
-1.3147584952395048,1.4960874846997476,1
1.175623723107004,-1.803042281649483,0
0.5323876904101161,1.3481814626322581,0
-1.151793585164173,-0.8417003485438084,1
-2.221845955477557,0.8363751841791383,1
-2.1634030618558744,-0.35673456809337967,1
-0.3668884129714955,-0.7250311914524188,1
0.9262693756583992,1.0006683736605897,0
1.5993577073394154,-1.8646335135332464,0
0.49970723898496344,0.4451167339827028,0
-2.8713219276825708,0.4723463029876463,1
-1.3492853718939095,1.672862110324786,1
1.7623662857360294,0.81895007129956,0
1.2575842164992392,0.1705666338793411,0
-2.349056580140154,0.3699028435105847,1
0.25318255827383335,-1.7332716888618356,0
3.6299423966962916,0.8662766334357451,0
-0.4361583951089743,0.9578250685363017,1
-1.943154107751594,0.4526921038900306,1
1.9321016059214595,0.3308799916468028,0
1.2733581048011169,-0.26841091981696114,0
0.7954340868391828,0.217123788755099,0
-2.4247358032653445,-0.45346432122120456,1
-0.12612483003072558,1.0695819656860441,1
-1.5667211350425676,1.2896520486413898,1
-0.8957197669678715,0.005075495584854672,1
2.3905257425859596,0.1906524499879716,0
-1.217593849901992,0.2744371239243115,1
-1.3594241216342022,0.6597842109252635,1
-2.4335814536918936,0.1894919258235744,1
1.3948501007644727,-0.8820379259149921,0
0.42586095869216906,0.5869153936139974,0
1.7152267148573968,0.3270844625844454,0
0.025735657699480337,-2.38529866879689,0
1.6201751753386724,-0.17105798380005813,0
0.49167474713049086,-2.688895102259316,0
-0.6490141481267421,-0.9034367079856509,1
-1.7202698440257214,0.8366313023105789,1
-0.9580228166470999,1.1720506763322125,1
-0.9498243095048344,0.9108761844645814,1
1.0670651577917352,-1.9519333611636378,0
-0.14820930946204341,0.705462947246542,1
-0.1857955832742416,0.5624113908186003,1
-1.1367667527902199,0.1946912255136468,1
-2.0360249040913776,0.2887156482051923,1
-0.6006013997742561,-0.3903799673474957,1
0.6313931332453472,-0.5337989554186378,0
-0.16991949903338843,-2.0073088898883413,1
-0.8199195675696942,0.21494281033956644,1
0.6083533694277525,-0.47303212727239774,0
3.410724490601099,0.22786175008193355,0
-1.3436363383501426,-0.7126963597774343,1
-1.4428433354075934,0.07056799253952911,1
-2.6259788814775926,-0.07958726172480962,1
-1.4261694880953069,1.2018072787982046,1
1.337736513744097,0.03466493616219977,0
-1.691518653355152,0.9508047911433227,1
-1.3937779639284855,0.8790044585898693,1
0.3304943294122791,-0.173809887188828,0
-1.958556544874167,0.24312941119577677,1
0.3229588021496393,0.6875567898867762,0
2.411410186140758,0.779746749249027,0
0.25591290826176677,0.22046681126620976,0
-2.3227394478988326,-0.5901820690920413,1
3.3451002261803247,0.7553349692569402,0
2.3148699382928535,0.22727799410148303,0
0.9914352602914356,0.1937638601398092,0
0.7843588931894044,0.03642814471200343,0
-2.3531535188871335,-0.2939376602688855,1
-2.8798739700286773,0.2145224371014704,1
0.6712462099609029,0.7875824220707948,0
-0.21232029603068397,-0.06236356083407702,1
2.715342517736457,2.009736629631863,0
0.7262946675169998,-0.32275198765738705,0
-0.6079739067484607,2.6071618826006047,1
0.5407653572742314,1.3036510444192084,0
-0.9046596168577862,-0.8427800263835439,1
0.6914018886069782,-1.6850298314834486,0
0.6552112467623753,-1.8393800889276064,0
2.2764663347949075,0.7850576859023073,0
-1.035791159904874,1.4168143857876772,1
-1.1066268812167623,1.7714300365707685,1
2.427004881834169,-0.22394408658902137,0
0.5629866227986998,-1.1902557539121092,0
-1.879340512598663,-0.5327362165897033,1
-0.2816892052773006,-2.4309568648656312,1
-1.1628468737861637,0.011215573341788628,1
1.1285746982588891,-0.7631793141294965,0
0.3075400821306165,-0.5578801836714445,0
0.9900731721274513,-0.6430157075543437,0
0.0235594144070329,1.422820835610733,1
-1.0615750621330589,0.13909921902575134,1
-1.8935593260044001,-0.03530915744215386,1
-0.5660426454987926,1.2022473378383176,1
-0.3235838261277455,-1.472062933268373,1
-1.52226237672315,-0.00855144808079416,1
0.8203129381290022,-1.5688900437468398,0
-2.1938491132230014,0.23649072035216537,1
0.5558540605079842,-1.2334056578104344,0
0.804548821408899,1.6029761618071363,0
-1.265250867055834,1.1542923384485437,1
0.27094334718455093,-0.24850151822724487,0
1.5084726051638213,0.653667522579118,0
-0.6799078315606438,0.1392700947656094,1
-1.3791063310655933,1.9054209573838818,1
-2.2874797053719793,0.8531917060102348,1
-1.6361301392946226,-0.8486958632282702,1
3.6206074512874067,0.3542405067376292,0
0.9477999723417915,0.5827523259571464,0
1.691662378348409,0.49468051359233944,0
0.6650656588497609,-0.4851179419732398,0
0.7424528682459408,-1.3290520713585572,0
1.05723893471677,1.8509576292697776,0
1.1319775106267078,0.6557159425658872,0
1.5184088864755187,-0.6822946563590164,0
-0.8746310930966585,1.2011621089625564,1
-0.9401060983265953,1.9114620138427187,1
-1.0256336463262854,-0.4857599599648518,1
-0.35536835748736595,0.8312673698098532,1
-1.2033832448511628,-1.1831013659765317,1
-2.210229153653613,-1.2117757846543993,1
0.9935846793532155,1.0278186785751977,0
0.8853355418633579,0.2214022538624051,0
0.1152684138305612,-1.2524629553366808,0
0.20741461327131266,1.650128651758434,1
-0.4338304324654831,1.4184994380509401,1
0.6523820791365984,1.5030099068728735,0
2.7594738719897314,0.8935318072104299,0
-1.2404023475942332,-0.04726758100814199,1
2.932592317541608,-0.09954624556750007,0
0.9333437658186646,1.3799332417547674,0
1.5124919841043758,-0.32875297086078753,0
-0.6540570169570353,2.597048894006237,1
-1.9475502375499893,0.9621061434555777,1
0.6291855633095275,1.397934459012721,0
1.052144458295464,-0.7896828571438136,0
0.018805891904168877,1.6204194915586432,1
-0.34627886339577296,-1.1615640549529824,1
1.9557366330759118,1.0081160982459043,0
-0.15445016341010634,-0.6068868474457012,1
1.645116006483032,0.05911405521361295,0
3.049321926310617,0.255062998711041,0
-0.24654241873687555,0.1857935882750399,1
-1.1176017363142727,-1.418417517843428,1
1.730089067337696,0.5086056837408507,0
-0.9684059697330415,0.5557594666164001,1
-1.9856994301428483,-1.9693123867931994,1
-1.6398704973417109,0.9174162431025857,1
0.13980897882623902,-0.47237686814447244,0
1.2083375538041448,-0.07227138568527958,0
-0.9714145406592044,-0.634500597587079,1
-0.2697162589518916,-0.3583532605090668,1
-1.506448597171699,-1.6136316712559273,1
-0.5635746714958875,-0.2682405943305935,1
-1.529708452391637,0.8486959212315208,1
0.8131063242755008,0.36177571210878107,0
1.851915655345278,-0.19257841864998823,0
-0.40790988239177495,-0.5519777669286929,1
-2.027489123595398,-0.40404327821931935,1
-0.5186193011393683,-1.3697168798660462,1
-0.5526219902002139,-1.8251664495702429,1
-1.8081450726339559,-0.3668426911308242,1
-2.240719676568684,-0.1804176367115369,1
-2.3504329703734888,-0.6820680165738131,1
2.3560392556074614,0.5829638727831756,0
1.0099857822522038,-1.5468958098888408,0
-0.383126797826223,-1.4306951127241776,1
-1.0001740823209926,1.4109492925333402,1
-1.3224138430658898,-0.40846708152497385,1
-1.8652407822347714,-0.6651844087119408,1
-1.193274615980091,-0.08681717389077345,1
-1.6306252991822565,-1.3740057536506882,1
-0.8671192880819916,-0.46739151995435085,1
-0.6886576589816178,-0.5719873272338657,1
1.7728680226042624,-0.4044864340355491,0
1.0589057709222423,1.575134359702572,0
0.6240009643444856,0.9215396529678325,0
0.09684248934376012,1.1893661937292974,1
-1.382923233633569,2.6671228389785684,1
-0.923424539188025,-1.264634021961115,1
-1.7731673053397998,-0.5661443786938668,1
0.272292527711514,1.6028372957815968,1
-1.0419375557868231,0.5678045250146497,1
-0.07911902708182363,-0.3393161048544212,1
1.7476569004921396,0.37128919903085916,0
